<?xml version="1.0" encoding="UTF-8"?>
<project-private xmlns="http://www.netbeans.org/ns/project-private/1">
    <editor-bookmarks xmlns="http://www.netbeans.org/ns/editor-bookmarks/2" lastBookmarkId="0"/>
    <open-files xmlns="http://www.netbeans.org/ns/projectui-open-files/2">
        <group>
            <file>file:/D:/MojeProgramy/NetBeans/Studia/JP/Lab4/Zad1/src/zad1/Lista.java</file>
            <file>file:/D:/MojeProgramy/NetBeans/Studia/JP/Lab4/Zad1/src/zad1/Zad1.java</file>
            <file>file:/D:/MojeProgramy/NetBeans/Studia/JP/Lab4/Zad1/src/zad1/GFX/Lista.java</file>
            <file>file:/D:/MojeProgramy/NetBeans/Studia/JP/Lab4/Zad1/src/zad1/GFX/Okno.java</file>
            <file>file:/D:/MojeProgramy/NetBeans/Studia/JP/Lab4/Zad1/src/zad1/GFX/Wykres.java</file>
            <file>file:/D:/MojeProgramy/NetBeans/Studia/JP/Lab4/Zad1/src/zad1/GFX/PanelPrzyciskow.java</file>
        </group>
    </open-files>
</project-private>
